{
    "school": {
        "subject": [
            {
                "title": "Javascript+jQuery+Ajax",
                "time": "매주 월/수/금 오후 7시00분~10시00분",
                "teacher": "홍길동"
            }, {
                "title": "HTML5+CSS3 기반의 반응형 웹",
                "time": "매주 화/목 오후 7시00분~10시00분",
                "teacher": "고길동"
            }, {
                "title": "Java 입문에서 활용까지",
                "time": "매주 화/목 오후 7시00분~10시00분",
                "teacher": "이영희"
            }
        ]
    }
}