﻿{
  "job" : {
	"item": [
		    {
			"num": 1,
			"img": "http://192.168.0.10/images/job01.png",
			"subject": "가수",
			"content": "노래 부르는 것이 직업인 사람"
		    },
		    {
			"num": 2,
			"img": "http://192.168.0.10/images/job02.png",
			"subject": "경찰공무원",
			"content": "경찰 업무에 종사하는 공무원. 치안총감, 치안정감, 치안감, 경무관, 총경, 경정, 경감, 경위, 경사, 경장, 순경의 계급이 있다."
		    },
		    {
			"num": 3,
			"img": "http://192.168.0.10/images/job03.png",
			"subject": "과학자",
			"content": "과학을 전문으로 연구하는 사람. 주로 자연 과학을 연구하는 사람을 이른다."
		    },
		    {
			"num": 4,
			"img": "http://192.168.0.10/images/job04.png",
			"subject": "군인",
			"content": "군대에서 복무하는 사람. 육해공군의 장교, 부사관, 병사를 통틀어 이르는 말이다."
		    },
		    {
			"num": 5,
			"img": "http://192.168.0.10/images/job05.png",
			"subject": "미용사",
			"content": "일정한 자격을 가지고 사람의 머리나 피부 따위를 아름답게 매만지는 일을 직업으로 하는 사람"
		    },
		    {
			"num": 6,
			"img": "http://192.168.0.10/images/job06.png",
			"subject": "비행기 조종사",
			"content": "항공기를 일정한 방향과 속도로 움직이도록 다루는 기능과 자격을 갖춘 사람"
		    },
		    {
			"num": 7,
			"img": "http://192.168.0.10/images/job07.png",
			"subject": "선생님",
			"content": "학생을 가르치는 사람"
		    },
		    {
			"num": 8,
			"img": "http://192.168.0.10/images/job08.png",
			"subject": "소방공무원",
			"content": "화재를 예방ㆍ경계ㆍ진압하는 데 종사하는 공무원. 국민의 생명, 신체, 재산을 보호하는 것을 직무로 하며 국가 소방 공무원과 지방 소방 공무원이 있다."
		    },
		    {
			"num": 9,
			"img": "http://192.168.0.10/images/job09.png",
			"subject": "스튜어디스",
			"content": "여객기나 여객선 따위에서 승객을 돌보는 여자 승무원"
		    },
		    {
			"num": 10,
			"img": "http://192.168.0.10/images/job10.png",
			"subject": "운동선수",
			"content": "운동 경기에 뛰어난 재주가 있거나 전문적으로 운동을 하는 사람"
		    },
		    {
			"num": 11,
			"img": "http://192.168.0.10/images/job11.png",
			"subject": "요리사",
			"content": "요리를 전문으로 하는 사람"
		    },
		    {
			"num": 12,
			"img": "http://192.168.0.10/images/job12.png",
			"subject": "의사",
			"content": "의술과 약으로 병을 치료ㆍ진찰하는 것을 직업으로 삼는 사람. 국가시험에 합격하여 보건 복지 가족부 장관의 면허를 취득하여야 한다."
		    },
		    {
			"num": 13,
			"img": "http://192.168.0.10/images/job13.png",
			"subject": "화가",
			"content": "그림 그리는 것을 직업으로 하는 사람"
		    },
		    {
			"num": 14,
			"img": "http://192.168.0.10/images/job14.png",
			"subject": "회사원",
			"content": "회사에서 근무하는 사람"
		    }
	      ]
      }
}