<?xml version="1.0" encoding="utf-8"?>
<resources>
    <string-array name="list_data">
        <item>가수</item>
        <item>경찰공무원</item>
        <item>과학자</item>
        <item>군인</item>
        <item>미용사</item>
        <item>비행기 조종사</item>
        <item>선생님</item>
        <item>소방공무원</item>
        <item>스튜어디스</item>
        <item>운동선수</item>
        <item>요리사</item>
        <item>의사</item>
        <item>화가</item>
        <item>회사원</item>
    </string-array>
</resources>
